<?xml version="1.0" encoding="utf-8"?>   
   <modification>
    <name>Smart button</name>
	<code>Header_button</code>
	<version>1.0</version>
 <author>webxperia</author>
  <link>https://github.com/webxperia</link>

<file path="admin/controller/common/header.php">
		<operation error="skip">
			<search><![CDATA[$data['profile']]]></search>
			<add position="after"><![CDATA[
			$data['mpro'] = $this->url->link('setting/store', 'user_token=' . $this->session->data['user_token'], true);
		
			$data['mpro_setting'] = $this->url->link('catalog/category', 'user_token=' . $this->session->data['user_token'], true);
			$data['mpro_setting1'] = $this->url->link('catalog/product', 'user_token=' . $this->session->data['user_token'], true);
			$data['mpro_setting2'] = $this->url->link('customer/customer', 'user_token=' . $this->session->data['user_token'], true);
			$data['mpro_setting3'] = $this->url->link('marketplace/extension', 'user_token=' . $this->session->data['user_token'], true);
			$data['mpro_setting4'] = $this->url->link('marketing/coupon', 'user_token=' . $this->session->data['user_token'], true);
			$data['mpro_setting5'] = $this->url->link('tool/log', 'user_token=' . $this->session->data['user_token'], true);
			]]></add>
		</operation>
	</file>

	<file path="admin/view/template/common/header.twig">
		<operation error="skip">
			<search><![CDATA[<ul class="nav navbar-nav navbar-right">]]></search>
			<add position="after"><![CDATA[
	  <li style="padding: 13px 10px 11px 10px;">
		<div class="btn-group">
			<a href="{{ mpro }}" class="btn btn-default"><i class="fa fa-gears fa-lg" style="color: #3c8dbc;"></i>&nbsp;&nbsp;Buttons</a>
			<button type="button" class="btn btn-default dropdown-toggle" data-toggle="dropdown">
				<span class="caret"></span>
			</button>
			<ul class="dropdown-menu dropdown-menu-right" role="menu">
				
				<li><a href="{{ mpro_setting }}"><i class="fa fa-map-signs"></i>&nbsp;&nbsp; Categories</a></li>
<li class="divider"></li>
<li><a href="{{ mpro_setting1 }}"><i class="fa fa-cart-plus"></i>&nbsp;&nbsp; products</a></li>
<li class="divider"></li>
<li><a href="{{ mpro_setting2 }}"><i class="fa fa-street-view"></i>&nbsp;&nbsp; Customers</a></li>     
<li class="divider"></li>
<li><a href="{{ mpro_setting3 }}"><i class="fa fa-sun-o"></i>&nbsp;&nbsp; Modules</a></li>   
<li class="divider"></li>
<li><a href="{{ mpro_setting4 }}"><i class="fa fa-vcard-o"></i>&nbsp;&nbsp; Coupons</a></li>   
<li class="divider"></li>
<li><a href="{{ mpro_setting5 }}"><i class="fa fa-times-rectangle-o"></i>&nbsp;&nbsp; Errors</a></li>   

		</div>
	  </li>
		]]></add>
		</operation>
	</file>

</modification>
